observation_date,POLCPIALLMINMEI
1989-01-01,0.4219915000000000
1989-02-01,0.4219915000000000
1989-03-01,0.4219915000000000
1989-04-01,0.4923234000000000
1989-05-01,0.5626553000000001
1989-06-01,0.5626553000000001
1989-07-01,0.6329872000000000
1989-08-01,0.8439829000000000
1989-09-01,1.1253110000000000
1989-10-01,1.6879660000000001
1989-11-01,2.0396250000000000
1989-12-01,2.3912849999999999
1990-01-01,4.2902459999999998
1990-02-01,5.2748929999999996
1990-03-01,5.4858890000000002
1990-04-01,5.9078809999999997
1990-05-01,6.1892079999999998
1990-06-01,6.4002039999999996
1990-07-01,6.6112000000000002
1990-08-01,6.7518630000000002
1990-09-01,7.0331910000000004
1990-10-01,7.4551829999999999
1990-11-01,7.8068419999999996
1990-12-01,8.2991659999999996
1991-01-01,9.3541439999999998
1991-02-01,9.9871309999999998
1991-03-01,10.4091199999999997
1991-04-01,10.6904500000000002
1991-05-01,10.9717800000000008
1991-06-01,11.5344300000000004
1991-07-01,11.5344300000000004
1991-08-01,11.6047700000000003
1991-09-01,12.0970899999999997
1991-10-01,12.5190800000000007
1991-11-01,12.9410699999999999
1991-12-01,13.3630600000000008
1992-01-01,14.3477099999999993
1992-02-01,14.6290399999999998
1992-03-01,14.9103700000000003
1992-04-01,15.4730200000000018
1992-05-01,16.1060100000000013
1992-06-01,16.3873299999999986
1992-07-01,16.5983299999999971
1992-08-01,17.0203200000000017
1992-09-01,17.9346399999999981
1992-10-01,18.4972899999999996
1992-11-01,18.9192800000000005
1992-12-01,19.3412800000000011
1993-01-01,20.1149300000000011
1993-02-01,20.8182499999999990
1993-03-01,21.2402400000000000
1993-04-01,21.7325599999999994
1993-05-01,22.1545500000000004
1993-06-01,22.4358799999999974
1993-07-01,22.7172100000000015
1993-08-01,23.2095299999999973
1993-09-01,23.7721899999999984
1993-10-01,24.1941799999999994
1993-11-01,25.1788300000000014
1993-12-01,26.5854600000000012
1994-01-01,27.0777900000000038
1994-02-01,27.3591100000000012
1994-03-01,27.9217699999999986
1994-04-01,28.6954199999999986
1994-05-01,29.1877400000000016
1994-06-01,29.8910599999999960
1994-07-01,30.3130500000000005
1994-08-01,30.8053799999999995
1994-09-01,32.2120200000000025
1994-10-01,33.1263299999999958
1994-11-01,33.6889900000000040
1994-12-01,34.3219700000000003
1995-01-01,35.7286099999999962
1995-02-01,36.5022599999999997
1995-03-01,37.1352499999999992
1995-04-01,37.9792300000000012
1995-05-01,38.6825499999999991
1995-06-01,39.0342099999999945
1995-07-01,38.6825499999999991
1995-08-01,38.8232199999999992
1995-09-01,40.0188599999999965
1995-10-01,40.7221800000000016
1995-11-01,41.2848299999999995
1995-12-01,41.9178199999999990
1996-01-01,43.3244599999999949
1996-02-01,43.9574400000000054
1996-03-01,44.5904299999999978
1996-04-01,45.5750799999999998
1996-05-01,46.2080699999999993
1996-06-01,46.7003900000000058
1996-07-01,46.6300600000000003
1996-08-01,46.8410500000000027
1996-09-01,47.7553699999999992
1996-10-01,48.4586899999999972
1996-11-01,49.0916700000000006
1996-12-01,49.7246600000000001
1997-01-01,51.1313000000000031
1997-02-01,51.6939500000000010
1997-03-01,52.1159499999999980
1997-04-01,52.6082699999999974
1997-05-01,52.8896000000000015
1997-06-01,53.6632499999999979
1997-07-01,53.5225900000000010
1997-08-01,53.5929199999999923
1997-09-01,54.3665700000000029
1997-10-01,54.9292199999999937
1997-11-01,55.5622100000000003
1997-12-01,56.1248699999999943
1998-01-01,57.8831599999999966
1998-02-01,58.8678099999999986
1998-03-01,59.2194699999999941
1998-04-01,59.6414599999999950
1998-05-01,59.8524600000000007
1998-06-01,60.0634500000000031
1998-07-01,59.8524600000000007
1998-08-01,59.5007999999999981
1998-09-01,59.9931199999999976
1998-10-01,60.3447800000000072
1998-11-01,60.6261099999999971
1998-12-01,60.8370999999999995
1999-01-01,61.7514200000000031
1999-02-01,62.1030800000000056
1999-03-01,62.7360599999999948
1999-04-01,63.2283900000000045
1999-05-01,63.6503800000000055
1999-06-01,63.7910400000000024
1999-07-01,63.5800500000000000
1999-08-01,63.9317099999999954
1999-09-01,64.8460199999999958
1999-10-01,65.5493400000000008
1999-11-01,66.1119999999999948
1999-12-01,66.6746499999999997
2000-01-01,67.8702899999999971
2000-02-01,68.4329500000000053
2000-03-01,69.0659399999999977
2000-04-01,69.3472699999999946
2000-05-01,69.8395900000000012
2000-06-01,70.3319099999999935
2000-07-01,70.8242300000000000
2000-08-01,70.6132400000000047
2000-09-01,71.3165599999999955
2000-10-01,71.8792100000000005
2000-11-01,72.1605500000000006
2000-12-01,72.3012099999999975
2001-01-01,72.8638600000000025
2001-02-01,72.9342000000000041
2001-03-01,73.2858499999999964
2001-04-01,73.8485100000000045
2001-05-01,74.6924900000000065
2001-06-01,74.6221599999999938
2001-07-01,74.4111599999999953
2001-08-01,74.2001599999999968
2001-09-01,74.4111599999999953
2001-10-01,74.6924900000000065
2001-11-01,74.7628300000000223
2001-12-01,74.9034900000000050
2002-01-01,75.5364800000000116
2002-02-01,75.6068000000000069
2002-03-01,75.7474699999999785
2002-04-01,76.0991300000000024
2002-05-01,75.9584699999999771
2002-06-01,75.6771400000000227
2002-07-01,75.3254799999999989
2002-08-01,75.0441500000000019
2002-09-01,75.2551399999999973
2002-10-01,75.4661399999999958
2002-11-01,75.3958099999999973
2002-12-01,75.4661399999999958
2003-01-01,75.7474699999999785
2003-02-01,75.8178000000000054
2003-03-01,76.0287900000000008
2003-04-01,76.1694600000000008
2003-05-01,76.1694600000000008
2003-06-01,76.0991300000000024
2003-07-01,75.8178000000000054
2003-08-01,75.5364800000000116
2003-09-01,75.8881300000000039
2003-10-01,76.3101300000000009
2003-11-01,76.5211199999999963
2003-12-01,76.6617800000000216
2004-01-01,76.9431199999999933
2004-02-01,77.0134400000000028
2004-03-01,77.2244400000000013
2004-04-01,77.8574300000000221
2004-05-01,78.6310800000000114
2004-06-01,79.3344000000000023
2004-07-01,79.2640699999999896
2004-08-01,78.9124099999999942
2004-09-01,79.1234000000000037
2004-10-01,79.6157199999999960
2004-11-01,79.8267199999999946
2004-12-01,79.8970499999999930
2005-01-01,79.9673800000000057
2005-02-01,79.8970499999999930
2005-03-01,79.9673800000000057
2005-04-01,80.3190500000000043
2005-05-01,80.5300399999999996
2005-06-01,80.3893699999999995
2005-07-01,80.2487100000000027
2005-08-01,80.1783800000000042
2005-09-01,80.5300399999999996
2005-10-01,80.8816999999999950
2005-11-01,80.7410399999999981
2005-12-01,80.6003699999999981
2006-01-01,80.7488799999999998
2006-02-01,80.7488799999999998
2006-03-01,80.6674799999999976
2006-04-01,81.1558800000000105
2006-05-01,81.6442800000000091
2006-06-01,81.4000800000000027
2006-07-01,81.4814800000000048
2006-08-01,81.7256900000000002
2006-09-01,81.8070799999999991
2006-10-01,81.7256900000000002
2006-11-01,81.8070799999999991
2006-12-01,81.7256900000000002
2007-01-01,82.0512800000000055
2007-02-01,82.2954799999999977
2007-03-01,82.7024800000000226
2007-04-01,83.1094800000000049
2007-05-01,83.5164900000000046
2007-06-01,83.5164900000000046
2007-07-01,83.2722899999999981
2007-08-01,82.9466900000000038
2007-09-01,83.5978900000000067
2007-10-01,84.0862800000000021
2007-11-01,84.6560800000000029
2007-12-01,84.9002800000000093
2008-01-01,85.4700899999999990
2008-02-01,85.7956800000000044
2008-03-01,86.1212799999999987
2008-04-01,86.4468800000000215
2008-05-01,87.0980800000000102
2008-06-01,87.2608900000000034
2008-07-01,87.2608900000000034
2008-08-01,86.9352900000000091
2008-09-01,87.1794900000000013
2008-10-01,87.5050899999999956
2008-11-01,87.6678800000000109
2008-12-01,87.5864899999999977
2009-01-01,87.9934800000000052
2009-02-01,88.8074900000000014
2009-03-01,89.4586900000000043
2009-04-01,90.1098899999999929
2009-05-01,90.5982900000000058
2009-06-01,90.7610899999999958
2009-07-01,90.8424899999999980
2009-08-01,90.5168900000000036
2009-09-01,90.5168900000000036
2009-10-01,90.5982900000000058
2009-11-01,90.8424899999999980
2009-12-01,90.8424899999999980
2010-01-01,91.4122899999999987
2010-02-01,91.5750900000000030
2010-03-01,91.8192899999999952
2010-04-01,92.2262999999999948
2010-05-01,92.4704899999999981
2010-06-01,92.7146900000000045
2010-07-01,92.5519000000000034
2010-08-01,92.1448900000000037
2010-09-01,92.7146900000000045
2010-10-01,93.2030900000000031
2010-11-01,93.2844900000000052
2010-12-01,93.6914900000000017
2011-01-01,94.8310900000000032
2011-02-01,94.9938999999999965
2011-03-01,95.8893000000000058
2011-04-01,96.3776900000000012
2011-05-01,96.9474900000000019
2011-06-01,96.5404999999999944
2011-07-01,96.2149000000000001
2011-08-01,96.2149000000000001
2011-09-01,96.2963000000000022
2011-10-01,96.9474900000000019
2011-11-01,97.5986900000000048
2011-12-01,98.0057000000000045
2012-01-01,98.6568999999999932
2012-02-01,99.0639000000000038
2012-03-01,99.5523000000000025
2012-04-01,100.1221000000000032
2012-05-01,100.2848999999999933
2012-06-01,100.4476999999999975
2012-07-01,99.9592999999999989
2012-08-01,99.6337000000000046
2012-09-01,99.7151000000000067
2012-10-01,100.1221000000000032
2012-11-01,100.2035000000000053
2012-12-01,100.2848999999999933
2013-01-01,100.3662999999999954
2013-02-01,100.3662999999999954
2013-03-01,100.5290999999999997
2013-04-01,100.9360999999999962
2013-05-01,100.8546999999999940
2013-06-01,100.8546999999999940
2013-07-01,101.1803000000000026
2013-08-01,100.8546999999999940
2013-09-01,100.9360999999999962
2013-10-01,101.0989000000000004
2013-11-01,100.9360999999999962
2013-12-01,101.0174999999999983
2014-01-01,101.0989000000000004
2014-02-01,101.1803000000000026
2014-03-01,101.2617000000000047
2014-04-01,101.2617000000000047
2014-05-01,101.1803000000000026
2014-06-01,101.1803000000000026
2014-07-01,101.0174999999999983
2014-08-01,100.6105000000000018
2014-09-01,100.6105000000000018
2014-10-01,100.6105000000000018
2014-11-01,100.4476999999999975
2014-12-01,100.1221000000000032
2015-01-01,99.9592999999999989
2015-02-01,99.8778999999999968
2015-03-01,100.0407000000000011
2015-04-01,100.4476999999999975
2015-05-01,100.4476999999999975
2015-06-01,100.4476999999999975
2015-07-01,100.3662999999999954
2015-08-01,99.9592999999999989
2015-09-01,99.6337000000000046
2015-10-01,99.7151000000000067
2015-11-01,99.6337000000000046
2015-12-01,99.4709000000000003
2016-01-01,98.9825000000000017
2016-02-01,98.9010999999999996
2016-03-01,98.9825000000000017
2016-04-01,99.3080999999999960
2016-05-01,99.3894999999999982
2016-06-01,99.5523000000000025
2016-07-01,99.2266999999999939
2016-08-01,99.0639000000000038
2016-09-01,99.0639000000000038
2016-10-01,99.5523000000000025
2016-11-01,99.6337000000000046
2016-12-01,100.3662999999999954
2017-01-01,100.7733000000000061
2017-02-01,101.0989000000000004
2017-03-01,101.0174999999999983
2017-04-01,101.3431000000000068
2017-05-01,101.3431000000000068
2017-06-01,101.1803000000000026
2017-07-01,101.0174999999999983
2017-08-01,100.9360999999999962
2017-09-01,101.3431000000000068
2017-10-01,101.8315000000000055
2017-11-01,102.3199000000000041
2017-12-01,102.5640999999999963
2018-01-01,102.8897000000000048
2018-02-01,102.6454999999999984
2018-03-01,102.5640999999999963
2018-04-01,103.0524999999999949
2018-05-01,103.2967000000000013
2018-06-01,103.3781000000000034
2018-07-01,103.1338999999999970
2018-08-01,103.1338999999999970
2018-09-01,103.3781000000000034
2018-10-01,103.7850999999999999
2018-11-01,103.7850999999999999
2018-12-01,103.7850999999999999
2019-01-01,103.5408999999999935
2019-02-01,103.9479000000000042
2019-03-01,104.2734999999999985
2019-04-01,105.4131000000000000
2019-05-01,105.6573000000000064
2019-06-01,105.9829000000000008
2019-07-01,105.9829000000000008
2019-08-01,105.9829000000000008
2019-09-01,105.9829000000000008
2019-10-01,106.2270999999999930
2019-11-01,106.3084999999999951
2019-12-01,107.1225000000000023
2020-01-01,108.0992999999999995
2020-02-01,108.8319000000000045
2020-03-01,109.0760999999999967
2020-04-01,108.9946999999999946
2020-05-01,108.7505000000000024
2020-06-01,109.4017000000000053
2020-07-01,109.1574999999999989
2020-08-01,109.0760999999999967
2020-09-01,109.3203000000000031
2020-10-01,109.4017000000000053
2020-11-01,109.4830999999999932
2020-12-01,109.5644999999999953
2021-01-01,110.9483000000000033
2021-02-01,111.5181000000000040
2021-03-01,112.6577000000000055
2021-04-01,113.5531000000000006
2021-05-01,113.8786999999999949
2021-06-01,113.9600999999999971
2021-07-01,114.4484999999999957
2021-08-01,114.7741000000000042
2021-09-01,115.5880999999999972
2021-10-01,116.8905000000000030
2021-11-01,118.0301000000000045
2021-12-01,119.0883000000000038
2022-01-01,121.3675000000000068
2022-02-01,121.0418999999999983
2022-03-01,125.0305000000000035
2022-04-01,127.5538999999999987
2022-05-01,129.7516999999999996
2022-06-01,131.7052999999999940
2022-07-01,132.3565000000000111
2022-08-01,133.4147000000000105
2022-09-01,135.5311000000000092
2022-10-01,137.9730999999999881
2022-11-01,138.9499000000000137
2022-12-01,139.1126999999999896
2023-01-01,142.6128999999999962
2023-02-01,144.3223000000000127
2023-03-01,145.9502999999999986
2023-04-01,147.0084999999999980
2023-05-01,147.0084999999999980
2023-06-01,147.0084999999999980
2023-07-01,146.6829999999999927
2023-08-01,146.6829999999999927
2023-09-01,146.1131000000000029
2023-10-01,146.5201000000000136
2023-11-01,147.5783999999999878
2023-12-01,147.7410999999999888
2024-01-01,148.3109000000000037
2024-02-01,148.7178999999999860
2024-03-01,149.0434999999999945
2024-04-01,150.6716000000000122
2024-05-01,150.8343999999999880
2024-06-01,150.9970999999999890
2024-07-01,153.1135999999999910
2024-08-01,153.2763999999999953
2024-09-01,153.4390999999999963
2024-10-01,153.9276000000000124
2024-11-01,154.6602000000000032
2024-12-01,154.6602000000000032
2025-01-01,156.2067999999999870
2025-02-01,156.6951999999999998
2025-03-01,157.0208000000000084
